{
  "element_mol_weight_dict" :
    {
      "H": 1.007940, "He": 4.002602, "Li": 6.941000,
    "Be": 9.012182, "B": 10.811000, "C": 12.010700,
    "N": 14.006700, "O": 15.999400, "F": 18.998403,
    "Ne": 20.179700, "Na": 22.989770, "Mg": 24.305000,
    "Al": 26.981538, "Si": 28.085500, "P": 30.973761,
    "S": 32.065000, "Cl": 35.453000, "Ar": 39.948000,
    "K": 39.098300, "Ca": 40.078000, "Sc": 44.955910,
    "Ti": 47.867000, "V": 50.941500, "Cr": 51.996100,
    "Mn": 54.938049, "Fe": 55.845000, "Co": 58.933200,
    "Ni": 58.693400, "Cu": 63.546000, "Zn": 65.409000,
    "Ga": 69.723000, "Ge": 72.640000, "As": 74.921600,
    "Se": 78.960000, "Br": 79.904000, "Kr": 83.798000,
    "Rb": 85.467800, "Sr": 87.620000, "Y": 88.905850,
    "Zr": 91.224000, "Nb": 92.906380, "Mo": 95.940000,
    "Tc": 98.000000, "Ru": 101.070000, "Rh": 102.905500,
    "Pd": 106.420000, "Ag": 107.868200, "Cd": 112.411000,
    "In": 114.818000, "Sn": 118.710000, "Sb": 121.760000,
    "Te": 127.600000, "I": 126.904470, "Xe": 131.293000,
    "Cs": 132.905450, "Ba": 137.327000, "La": 138.905500,
    "Ce": 140.116000, "Pr": 140.907650, "Nd": 144.240000,
    "Pm": 145.000000, "Sm": 150.360000, "Eu": 151.964000,
    "Gd": 157.250000, "Tb": 158.925340, "Dy": 162.500000,
    "Ho": 164.930320, "Er": 167.259000, "Tm": 168.934210,
    "Yb": 173.040000, "Lu": 174.967000, "Hf": 178.490000,
    "Ta": 180.947900, "W": 183.840000, "Re": 186.207000,
    "Os": 190.230000, "Ir": 192.217000, "Pt": 195.078000,
    "Au": 196.966550, "Hg": 200.590000, "Tl": 204.383300,
    "Pb": 207.200000, "Bi": 208.980380, "Po": 209.000000,
    "At": 210.000000, "Rn": 222.000000, "Fr": 223.000000,
    "Ra": 226.000000, "Ac": 227.000000, "Th": 232.038100,
    "Pa": 231.035880, "U": 238.028910, "Np": 237.000000,
    "Pu": 244.000000, "Am": 243.000000, "Cm": 247.000000,
    "Bk": 247.000000, "Cf": 251.000000, "Es": 252.000000,
    "Fm": 257.000000, "Md": 258.000000, "No": 259.000000,
    "Lr": 262.000000, "Rf": 261.000000, "Db": 262.000000,
    "Sg": 266.000000, "Bh": 264.000000, "Hs": 277.000000,
    "Mt": 268.000000, "Ds": 281.000000, "Rg": 272.000000,
    "Cn": 285.000000, "Uuq": 289.000000, "Uuh": 292.000000
    },
  "isotope_na_mass" : {
    "naValue": {
      "C12": 0.989,
      "C13": 0.011,
      "N14": 0.99636,
      "N15": 0.00364,
      "O16": 0.99757,
      "O17": 0.00038,
      "O18": 0.00205,
      "H1": 0.999885,
      "H2": 0.000115,
      "Si28": 0.922297,
      "Si29": 0.046832,
      "Si30": 0.030872,
      "P31": 1.0,
      "P32": 0,
      "S32": 0.9493,
      "S33": 0.0076,
      "S34": 0.0421
    },
    "element": {
      "C12": "C",
      "C13": "C",
      "N14": "N",
      "N15": "N",
      "H1": "H",
      "H2": "H",
      "O16": "O",
      "O17": "O",
      "O18": "O",
      "P31": "P",
      "P32": "P",
      "S32": "S",
      "S33": "S",
      "S34": "S"
    },
    "amu": {
      "C12": 12,
      "C13": 13,
      "N14": 14,
      "N15": 15,
      "O16": 16,
      "O17": 17,
      "O18": 18,
      "Si28": 28,
      "Si29":29,
      "Si30":30,
      "P31":31,
      "P32":32,
      "S32": 32,
      "S33": 33,
      "S34": 34,
      "H1": 1,
      "H2": 2
    },
    "naturalIsotope": {
      "C12": "C12",
      "C13": "C12",
      "N14": "N14",
      "N15": "N14",
      "O16": "O16",
      "O17": "O16",
      "O18": "O16",
      "Si28": "Si28",
      "Si29": "Si28",
      "Si30": "Si28",
      "P31": "P31",
      "P32": "P32",
      "S32": "S32",
      "S33": "S32",
      "S34": "S32",
      "H1": "H1",
      "H2": "H1"
    }
  }
}
